<?xml version="1.0" encoding="utf-8"?>
<DefPackage-TraderKindDef>

  <TraderKindDef>
    <defName>SpaceMarine_Base</defName>
    <stockGenerators>
	      <!-- === Money and weapons === -->
      <li Class="StockGenerator_SingleDef">
        <thingDef>Silver</thingDef>
        <countRange>
          <min>19000</min>
          <max>55000</max>
        </countRange>
      </li>
	        <li Class="StockGenerator_SingleDef">
        <thingDef>UAC_Pistol</thingDef>
        <countRange>
          <min>-1</min>
          <max>8</max>
        </countRange>
		<price>VeryCheap</price>
      </li>

      <li Class="StockGenerator_SingleDef">
        <thingDef>UAC_CombatShotgun</thingDef>
        <countRange>
          <min>-1</min>
          <max>8</max>
        </countRange>
		<price>VeryCheap</price>
      </li>
	  
      <li Class="StockGenerator_SingleDef">
        <thingDef>UAC_HeavyAssaultRifle</thingDef>
        <countRange>
          <min>-1</min>
          <max>3</max>
        </countRange>
		<price>VeryCheap</price>
      </li>
      <li Class="StockGenerator_SingleDef">
        <thingDef>UAC_PlasmaGun</thingDef>
        <countRange>
          <min>-1</min>
          <max>4</max>
        </countRange>
		<price>VeryCheap</price>
      </li>
      <li Class="StockGenerator_SingleDef">
        <thingDef>UAC_Hellshot</thingDef>
        <countRange>
          <min>-1</min>
          <max>2</max>
        </countRange>
      </li>
	        <li Class="StockGenerator_SingleDef">
        <thingDef>UAC_VortexRifle</thingDef>
        <countRange>
          <min>-1</min>
          <max>2</max>
        </countRange>
      </li>
	        <li Class="StockGenerator_SingleDef">
        <thingDef>Apparel_UACCsuit</thingDef>
        <countRange>
          <min>-1</min>
          <max>5</max>
        </countRange>
	   <price>VeryCheap</price>
      </li>
	  
	  	        <li Class="StockGenerator_SingleDef">
        <thingDef>Apparel_UACBusinessSuit</thingDef>
        <countRange>
          <min>-2</min>
          <max>5</max>
        </countRange>
		<price>VeryCheap</price>
      </li>
	  
	  	  	        <li Class="StockGenerator_SingleDef">
        <thingDef>Apparel_UACTrackerArmor</thingDef>
        <countRange>
          <min>-1</min>
          <max>3</max>
        </countRange>
		<price>VeryCheap</price>
      </li>
	  
	  	  	  	     <li Class="StockGenerator_SingleDef">
        <thingDef>Apparel_UACWildcatHelm</thingDef>
        <countRange>
          <min>-1</min>
          <max>3</max>
        </countRange>
		<price>VeryCheap</price>
      </li>
	  
	  	  	        <li Class="StockGenerator_SingleDef">
        <thingDef>Apparel_DOOMPraetorHelm</thingDef>
		<price>VeryCheap</price>
        <countRange>
          <min>-1</min>
          <max>3</max>
        </countRange>
      </li>
	  
	  	  	  	  	  <li Class="StockGenerator_SingleDef">
        <thingDef>Apparel_DOOMPraetorHelm</thingDef>
		<price>VeryCheap</price>
        <countRange>
          <min>-1</min>
          <max>3</max>
        </countRange>
      </li>
	  
	  	  	  	  	     <li Class="StockGenerator_SingleDef">
        <thingDef>UACbionicspine</thingDef>
        <countRange>
          <min>-1</min>
          <max>4</max>
        </countRange>
		<price>VeryCheap</price>
      </li>
	  
	  	  	  	  	  	     <li Class="StockGenerator_SingleDef">
        <thingDef>UACbioniceye</thingDef>
        <countRange>
          <min>-1</min>
          <max>4</max>
        </countRange>
		<price>VeryCheap</price>
      </li>
	  
	    	  	  	  	     <li Class="StockGenerator_SingleDef">
        <thingDef>UACWorkerImplant</thingDef>
        <countRange>
          <min>-2</min>
          <max>2</max>
        </countRange>
		<price>VeryCheap</price>
      </li>
	  
	  	  	  	  	     <li Class="StockGenerator_SingleDef">
        <thingDef>UACLearnerImplant</thingDef>
        <countRange>
          <min>-2</min>
          <max>3</max>
        </countRange>
		<price>VeryCheap</price>
      </li>

	  
      <!-- === UAC trader no drugs allowed === -->

      <li Class="StockGenerator_SingleDef">
        <thingDef>Component</thingDef>
                  <price>VeryCheap</price>
        <countRange>
          <min>70</min>
          <max>200</max>
        </countRange>
      </li>
      <li Class="StockGenerator_SingleDef">
        <thingDef>Steel</thingDef>
                  <price>VeryCheap</price>
        <countRange>
          <min>800</min>
          <max>2300</max>
        </countRange>
      </li>
      <li Class="StockGenerator_SingleDef">
        <thingDef>WoodLog</thingDef>
                  <price>VeryCheap</price>
        <countRange>
          <min>500</min>
          <max>2500</max>
        </countRange>
      </li>
      <li Class="StockGenerator_SingleDef">
        <thingDef>Plasteel</thingDef>
                  <price>VeryCheap</price>
        <countRange>
          <min>200</min>
          <max>1500</max>
        </countRange>
      </li>
      <li Class="StockGenerator_SingleDef">
        <thingDef>Cloth</thingDef>
                  <price>VeryCheap</price>
        <countRange>
          <min>500</min>
          <max>2000</max>
        </countRange>
      </li>
      <li Class="StockGenerator_SingleDef">
        <thingDef>Gold</thingDef>
        <countRange>
          <min>500</min>
          <max>150</max>
        </countRange>
      </li>
			<li Class="StockGenerator_SingleDef">
				<thingDef>Neutroamine</thingDef>
                  <price>VeryCheap</price>
				<countRange>
					<min>100</min>
					<max>800</max>
				</countRange>
			</li>
			<li Class="StockGenerator_SingleDef">
				<thingDef>Chemfuel</thingDef>
                  <price>VeryCheap</price>
				<countRange>
					<min>100</min>
					<max>500</max>
				</countRange>
			</li>
			<li Class="StockGenerator_SingleDef">
				<thingDef>Chocolate</thingDef>
                  <price>VeryCheap</price>
				<countRange>
					<min>-10</min>
					<max>100</max>
				</countRange>
			</li>
			<li Class="StockGenerator_SingleDef">
				<thingDef>Beer</thingDef>
                  <price>VeryCheap</price>
				<countRange>
					<min>50</min>
					<max>200</max>
				</countRange>
			</li>
	  		<li Class="StockGenerator_SingleDef">
				<thingDef>MealSurvivalPack</thingDef>
				<price>VeryCheap</price>
				<countRange>
					<min>200</min>
					<max>800</max>
				</countRange>
		    </li>
			<li Class="StockGenerator_SingleDef">
				<thingDef>Medicine</thingDef>
                  <price>VeryCheap</price>
				<countRange>
					<min>80</min>
					<max>250</max>
				</countRange>
			</li>
			
			      <li Class="StockGenerator_SingleDef">
        <thingDef>GlitterworldMedicine</thingDef>
        <countRange>
          <min>50</min>
          <max>120</max>
        </countRange>
		<price>VeryCheap</price>
      </li>
	  
			<li Class="StockGenerator_SingleDef">
				<thingDef>MortarShell</thingDef>
                  <price>VeryCheap</price>
				<countRange>
					<min>10</min>
					<max>250</max>
				</countRange>
			</li>
			<li Class="StockGenerator_Category">
        <categoryDef>Textiles</categoryDef>
                  <price>VeryCheap</price>
        <thingDefCountRange>
          <min>1</min>
          <max>3</max>
        </thingDefCountRange>
        <totalPriceRange>
          <min>400</min>
          <max>2100</max>
        </totalPriceRange>
      </li>
      <li Class="StockGenerator_Category">
        <categoryDef>ResourcesRaw</categoryDef>
                  <price>VeryCheap</price>
        <thingDefCountRange>
          <min>2</min>
          <max>4</max>
        </thingDefCountRange>
        <totalPriceRange>
          <min>200</min>
          <max>1000</max>
        </totalPriceRange>
      </li>
      <li Class="StockGenerator_Category">
        <categoryDef>FoodRaw</categoryDef>
                  <price>VeryCheap</price>
				<excludedCategories><li>EggsFertilized</li></excludedCategories>
				<thingDefCountRange>
          <min>2</min>
          <max>4</max>
        </thingDefCountRange>
        <totalPriceRange>
          <min>50</min>
          <max>200</max>
        </totalPriceRange>
      </li>
      <li Class="StockGenerator_Category">
        <categoryDef>FoodMeals</categoryDef>
                  <price>VeryCheap</price>
        <thingDefCountRange>
          <min>1</min>
          <max>2</max>
        </thingDefCountRange>
        <countRange>
          <min>20</min>
          <max>150</max>
        </countRange>
      </li>
      <li Class="StockGenerator_Tag">
        <tradeTag>Furniture</tradeTag>
                  <price>VeryCheap</price>
        <thingDefCountRange>
          <min>-2</min>
          <max>3</max>
        </thingDefCountRange>
        <countRange>
          <min>1</min>
          <max>2</max>
        </countRange>
      </li>
      <li Class="StockGenerator_Animals">
                  <price>VeryCheap</price>
        <tradeTags>
          <li>StandardAnimal</li>
        </tradeTags>
        <kindCountRange>
          <min>1</min>
          <max>5</max>
        </kindCountRange>
        <countRange>
          <min>1</min>
          <max>4</max>
        </countRange>
      </li>
      <li Class="StockGenerator_Clothes">
                  <price>VeryCheap</price>
        <countRange>
          <min>5</min>
          <max>8</max>
        </countRange>
      </li>
      <!--
      <li Class="StockGenerator_Category">
        <categoryDef>Drugs</categoryDef>
        <thingDefCountRange>
          <min>-9</min>
          <max>0</max>
        </thingDefCountRange>
        <totalPriceRange>
          <min>700</min>
          <max>1500</max>
        </totalPriceRange>
      </li>
      <li Class="StockGenerator_WeaponsRanged">
        <countRange>
          <min>3</min>
          <max>6</max>
        </countRange>
      </li>
      <li Class="StockGenerator_Category">
        <categoryDef>WeaponsMelee</categoryDef>
        <thingDefCountRange>
          <min>3</min>
          <max>4</max>
        </thingDefCountRange>
        <countRange>
          <min>1</min>
          <max>2</max>
        </countRange>
      </li>
      <li Class="StockGenerator_Armor">
        <countRange>
          <min>2</min>
          <max>4</max>
        </countRange>
      </li>
    -->
      <li Class="StockGenerator_Tag">
        <tradeTag>BodyPartOrImplant</tradeTag>
                  <price>VeryCheap</price>
        <thingDefCountRange>
          <min>1</min>
          <max>3</max>
        </thingDefCountRange>
        <countRange>
          <min>1</min>
          <max>4</max>
        </countRange>
      </li>
      <li Class="StockGenerator_Tag">
        <tradeTag>Exotic</tradeTag>
                  <price>VeryCheap</price>
        <thingDefCountRange>
          <min>4</min>
          <max>5</max>
        </thingDefCountRange>
        <countRange>
          <min>2</min>
          <max>4</max>
        </countRange>
      </li>
      <li Class="StockGenerator_Tag">
        <tradeTag>Artifact</tradeTag>
                  <price>VeryCheap</price>
        <thingDefCountRange>
          <min>2</min>
          <max>4</max>
        </thingDefCountRange>
        <countRange>
          <min>5</min>
          <max>15</max>
        </countRange>
      </li>
      <li Class="StockGenerator_Category">
        <categoryDef>Apparel</categoryDef>
                  <price>VeryCheap</price>
        <thingDefCountRange>
          <min>2</min>
          <max>5</max>
        </thingDefCountRange>
        <countRange>
          <min>2</min>
          <max>8</max>
        </countRange>
      </li>
      <li Class="StockGenerator_Art">
        <countRange>
          <min>-1</min>
          <max>4</max>
        </countRange>
      </li>
      <li Class="StockGenerator_Tag">
        <tradeTag>Television</tradeTag>
                  <price>VeryCheap</price>
        <thingDefCountRange>
          <min>-1</min>
          <max>2</max>
        </thingDefCountRange>
        <countRange>
          <min>1</min>
          <max>2</max>
        </countRange>
      </li>
      <li Class="StockGenerator_SingleDef">
        <thingDef>Telescope</thingDef>
                  <price>VeryCheap</price>
        <countRange>
          <min>1</min>
          <max>2</max>
        </countRange>
      </li>
      <!-- == Slaves, gotta thank Jecrell for this rip ctrl+c and ctrl+v == -->
      <li Class="StockGenerator_Slaves">
                  <price>VeryCheap</price>
        <countRange>
          <min>2</min>
          <max>5</max>
        </countRange>
      </li>
			<li Class="StockGenerator_MultiDef">
                  <price>VeryCheap</price>
				<thingDefs>
					<li>Kibble</li>
					<li>Pemmican</li>
				</thingDefs>
			</li>
			<li Class="StockGenerator_BuyArt" />
			<li Class="StockGenerator_BuyExpensiveSimple" />
      <li Class="StockGenerator_BuyWeirdOrganic" />
    </stockGenerators>
  </TraderKindDef>

</DefPackage-TraderKindDef>
