<?xml version="1.0" encoding="utf-8" ?>
<PawnKindDefs>
        <disallowedStrategies>
          <li>Siege</li>
          <li>ImmediateAttack</li>
		  <li>ImmediateAttackSmart</li>
          <li>StageThenAttack</li>
        </disallowedStrategies>

      <!-- ============================================== -->
  
      <PawnKindDef>
    <defName>UAC_EliteLight</defName>
    <label>Elite</label>
    <race>Human</race>
    <factionLeader>false</factionLeader>
    <combatPower>200</combatPower>
    <defaultFactionType>UAC</defaultFactionType>
    <baseRecruitDifficulty>0.4</baseRecruitDifficulty>
    <backstoryCategory>Spacer</backstoryCategory>
    <invNutrition>2.55</invNutrition>
    <backstoryCryptosleepCommonality>1.0</backstoryCryptosleepCommonality>
    <maxGenerationAge>45</maxGenerationAge>
    <gearHealthRange>
      <min>1</min>
      <max>1</max>
    </gearHealthRange>
    <apparelMoney>
      <min>2200</min>
      <max>9000</max>
    </apparelMoney>
	<apparelTags>
        <li>UACCarbon</li> 
        <li>UACLight</li> 
    </apparelTags>
	    <apparelRequired>
	  <li>Apparel_UACCsuit</li>
      <li>Apparel_UACLEETArmor</li>
	  <li>Apparel_UACLEETHelm</li>
    </apparelRequired>
    <apparelAllowHeadwearChance>1</apparelAllowHeadwearChance>
    <weaponMoney>
      <min>2250</min>
      <max>9000</max>
    </weaponMoney>
	<weaponTags>	
      <li>UAC_EliteLight</li>
    </weaponTags>	
    <techHediffsMoney>
      <min>4000</min>
      <max>20000</max>
    </techHediffsMoney>
    <techHediffsChance>1</techHediffsChance>
			<techHediffsTags>
			<li>UACbionicspine</li>
		</techHediffsTags>
    <inventoryOptions>
      <skipChance>0.01</skipChance>
      <subOptionsChooseOne>
        <li>
          <thingDef>MealSurvivalPack</thingDef>
          <countRange>
            <min>4</min>
            <max>5</max>
          </countRange>
        </li>
        <li>
          <thingDef>GlitterworldMedicine</thingDef>
          <countRange>
            <min>2</min>
            <max>5</max>
          </countRange>
        </li>
      </subOptionsChooseOne>
    </inventoryOptions>
  </PawnKindDef>
 
    <!-- ============================================== -->
 
         <PawnKindDef>
    <defName>UAC_EliteSniper</defName>
    <label>Elite</label>
    <race>Human</race>
    <factionLeader>false</factionLeader>
    <combatPower>200</combatPower>
    <defaultFactionType>UAC</defaultFactionType>
    <baseRecruitDifficulty>0.4</baseRecruitDifficulty>
    <backstoryCategory>Spacer</backstoryCategory>
    <invNutrition>2.55</invNutrition>
    <backstoryCryptosleepCommonality>1.0</backstoryCryptosleepCommonality>
    <maxGenerationAge>45</maxGenerationAge>
    <gearHealthRange>
      <min>1</min>
      <max>1</max>
    </gearHealthRange>
    <apparelMoney>
      <min>2200</min>
      <max>9000</max>
    </apparelMoney>
	<apparelTags>
        <li>UACCarbon</li> 
        <li>UACLight</li> 
    </apparelTags>
	    <apparelRequired>
	  <li>Apparel_UACCsuit</li>
      <li>Apparel_UACLEETArmor</li>
	  <li>Apparel_UACLEETHelm</li>
    </apparelRequired>
    <apparelAllowHeadwearChance>1</apparelAllowHeadwearChance>
    <weaponMoney>
      <min>2250</min>
      <max>9000</max>
    </weaponMoney>
	<weaponTags>	
      <li>UAC_EliteSniper</li>
    </weaponTags>	
    <techHediffsMoney>
      <min>4000</min>
      <max>20000</max>
    </techHediffsMoney>
    <techHediffsChance>1</techHediffsChance>
			<techHediffsTags>
			<li>UACbionicspine</li>
		</techHediffsTags>
    <inventoryOptions>
      <skipChance>0.01</skipChance>
      <subOptionsChooseOne>
        <li>
          <thingDef>MealSurvivalPack</thingDef>
          <countRange>
            <min>4</min>
            <max>5</max>
          </countRange>
        </li>
        <li>
          <thingDef>GlitterworldMedicine</thingDef>
          <countRange>
            <min>2</min>
            <max>5</max>
          </countRange>
        </li>
      </subOptionsChooseOne>
    </inventoryOptions>
  </PawnKindDef>

      <!-- ============================================== -->
  
       <PawnKindDef>
    <defName>UAC_EliteHeavy</defName>
    <label>Elite</label>
    <race>Human</race>
    <factionLeader>false</factionLeader>
    <combatPower>200</combatPower>
    <defaultFactionType>UAC</defaultFactionType>
    <baseRecruitDifficulty>0.4</baseRecruitDifficulty>
    <backstoryCategory>Spacer</backstoryCategory>
    <invNutrition>2.55</invNutrition>
    <backstoryCryptosleepCommonality>1.0</backstoryCryptosleepCommonality>
    <maxGenerationAge>45</maxGenerationAge>
    <gearHealthRange>
      <min>1</min>
      <max>1</max>
    </gearHealthRange>
    <apparelMoney>
      <min>2200</min>
      <max>9000</max>
    </apparelMoney>
	<apparelTags>
        <li>UACCarbon</li> 
        <li>UACLight</li> 
    </apparelTags>
	    <apparelRequired>
	  <li>Apparel_UACCsuit</li>
      <li>Apparel_UACLEETArmor</li>
	  <li>Apparel_UACLEETHelm</li>
    </apparelRequired>
    <apparelAllowHeadwearChance>1</apparelAllowHeadwearChance>
    <weaponMoney>
      <min>2250</min>
      <max>9000</max>
    </weaponMoney>
	<weaponTags>	
      <li>UAC_EliteHeavy</li>
    </weaponTags>	
    <techHediffsMoney>
      <min>4000</min>
      <max>20000</max>
    </techHediffsMoney>
    <techHediffsChance>1</techHediffsChance>
			<techHediffsTags>
			<li>UACbionicspine</li>
		</techHediffsTags>
    <inventoryOptions>
      <skipChance>0.01</skipChance>
      <subOptionsChooseOne>
        <li>
          <thingDef>MealSurvivalPack</thingDef>
          <countRange>
            <min>4</min>
            <max>5</max>
          </countRange>
        </li>
        <li>
          <thingDef>GlitterworldMedicine</thingDef>
          <countRange>
            <min>2</min>
            <max>5</max>
          </countRange>
        </li>
      </subOptionsChooseOne>
    </inventoryOptions>
  </PawnKindDef>

</PawnKindDefs>