<?xml version="1.0" encoding="utf-8" ?>

<WorkGivers>

   <WorkGiverDef>
    <defName>DoBillsUACOrganTable</defName>
	<label>Craft organs</label>
    <giverClass>WorkGiver_DoBill</giverClass>
    <workType>Crafting</workType>
    <priorityInType>130</priorityInType>
    <fixedBillGiverDefs>
	  <li>UACOrgansTable</li>
	</fixedBillGiverDefs>
    <verb>craft</verb>
    <gerund>crafting</gerund>
    <requiredCapacities>
      <li>Manipulation</li>
    </requiredCapacities>
  </WorkGiverDef>
   


</WorkGivers>